"Date,""Open"",""High"",""Low"",""Close"",""Result ‌CCI‌ (20)"""
"Fri Jun 14 2024 15:00:00 GMT+0530 (India Standard Time),""22428.10"",""22446.90"",""22396.75"",""22419.40"",""125.55"""
"Fri Jun 14 2024 15:15:00 GMT+0530 (India Standard Time),""22420.55"",""22423.80"",""22379.40"",""22400.85"",""-8.40"""
"Tue Jun 18 2024 09:15:00 GMT+0530 (India Standard Time),""22486.10"",""22491.60"",""22355.25"",""22387.05"",""62.72"""
"Tue Jun 18 2024 09:30:00 GMT+0530 (India Standard Time),""22386.00"",""22477.50"",""22382.35"",""22463.35"",""228.89"""
"Tue Jun 18 2024 09:45:00 GMT+0530 (India Standard Time),""22464.70"",""22517.65"",""22461.05"",""22511.50"",""373.02"""
"Tue Jun 18 2024 10:00:00 GMT+0530 (India Standard Time),""22512.70"",""22514.85"",""22487.95"",""22488.25"",""260.80"""
"Tue Jun 18 2024 10:15:00 GMT+0530 (India Standard Time),""22489.35"",""22512.55"",""22450.80"",""22474.15"",""161.81"""
"Tue Jun 18 2024 10:30:00 GMT+0530 (India Standard Time),""22473.70"",""22514.15"",""22473.40"",""22502.30"",""164.56"""
"Tue Jun 18 2024 10:45:00 GMT+0530 (India Standard Time),""22502.25"",""22517.20"",""22495.45"",""22505.75"",""148.95"""
"Tue Jun 18 2024 11:00:00 GMT+0530 (India Standard Time),""22504.50"",""22509.95"",""22482.80"",""22506.30"",""115.45"""
"Tue Jun 18 2024 11:15:00 GMT+0530 (India Standard Time),""22506.20"",""22523.90"",""22498.65"",""22508.45"",""114.88"""
"Tue Jun 18 2024 11:30:00 GMT+0530 (India Standard Time),""22508.40"",""22521.50"",""22502.05"",""22514.85"",""103.06"""
"Tue Jun 18 2024 11:45:00 GMT+0530 (India Standard Time),""22515.85"",""22526.05"",""22505.20"",""22519.60"",""96.16"""
"Tue Jun 18 2024 12:00:00 GMT+0530 (India Standard Time),""22519.60"",""22523.65"",""22507.20"",""22511.85"",""82.64"""
"Tue Jun 18 2024 12:15:00 GMT+0530 (India Standard Time),""22510.95"",""22518.30"",""22502.95"",""22506.80"",""68.95"""
"Tue Jun 18 2024 12:30:00 GMT+0530 (India Standard Time),""22505.95"",""22519.60"",""22497.10"",""22515.05"",""65.28"""
"Tue Jun 18 2024 12:45:00 GMT+0530 (India Standard Time),""22511.30"",""22520.15"",""22505.35"",""22514.80"",""65.25"""
"Tue Jun 18 2024 13:00:00 GMT+0530 (India Standard Time),""22516.25"",""22525.00"",""22513.15"",""22521.20"",""72.61"""
"Tue Jun 18 2024 13:15:00 GMT+0530 (India Standard Time),""22520.30"",""22534.00"",""22515.30"",""22524.00"",""78.07"""
"Tue Jun 18 2024 13:30:00 GMT+0530 (India Standard Time),""22523.90"",""22545.80"",""22521.00"",""22543.55"",""101.61"""
"Tue Jun 18 2024 13:45:00 GMT+0530 (India Standard Time),""22544.15"",""22562.80"",""22540.35"",""22556.70"",""143.12"""
"Tue Jun 18 2024 14:00:00 GMT+0530 (India Standard Time),""22557.65"",""22561.50"",""22543.90"",""22551.60"",""147.06"""
"Tue Jun 18 2024 14:15:00 GMT+0530 (India Standard Time),""22551.65"",""22562.90"",""22542.50"",""22551.25"",""152.84"""
"Tue Jun 18 2024 14:30:00 GMT+0530 (India Standard Time),""22551.50"",""22556.00"",""22533.55"",""22545.30"",""113.34"""
"Tue Jun 18 2024 14:45:00 GMT+0530 (India Standard Time),""22545.55"",""22560.95"",""22542.95"",""22555.95"",""125.36"""
"Tue Jun 18 2024 15:00:00 GMT+0530 (India Standard Time),""22556.20"",""22581.40"",""22553.90"",""22581.40"",""162.57"""
"Tue Jun 18 2024 15:15:00 GMT+0530 (India Standard Time),""22581.90"",""22633.85"",""22579.40"",""22595.90"",""214.04"""
"Wed Jun 19 2024 09:15:00 GMT+0530 (India Standard Time),""22657.55"",""22731.65"",""22586.50"",""22677.25"",""292.93"""
"Wed Jun 19 2024 09:30:00 GMT+0530 (India Standard Time),""22676.15"",""22750.60"",""22650.15"",""22750.10"",""297.81"""
"Wed Jun 19 2024 09:45:00 GMT+0530 (India Standard Time),""22748.15"",""22821.45"",""22718.00"",""22800.20"",""277.00"""
"Wed Jun 19 2024 10:00:00 GMT+0530 (India Standard Time),""22800.45"",""22837.45"",""22770.80"",""22780.60"",""216.40"""
"Wed Jun 19 2024 10:15:00 GMT+0530 (India Standard Time),""22783.30"",""22787.65"",""22658.95"",""22658.95"",""103.32"""
"Wed Jun 19 2024 10:30:00 GMT+0530 (India Standard Time),""22660.95"",""22690.60"",""22605.80"",""22673.10"",""54.77"""
"Wed Jun 19 2024 10:45:00 GMT+0530 (India Standard Time),""22671.35"",""22786.20"",""22650.75"",""22766.45"",""105.75"""
"Wed Jun 19 2024 11:00:00 GMT+0530 (India Standard Time),""22765.95"",""22813.05"",""22744.75"",""22767.00"",""118.66"""
"Wed Jun 19 2024 11:15:00 GMT+0530 (India Standard Time),""22767.25"",""22788.15"",""22708.35"",""22744.40"",""86.35"""
"Wed Jun 19 2024 11:30:00 GMT+0530 (India Standard Time),""22744.15"",""22803.45"",""22734.40"",""22791.30"",""96.75"""
"Wed Jun 19 2024 11:45:00 GMT+0530 (India Standard Time),""22790.55"",""22810.05"",""22779.80"",""22784.35"",""97.89"""
"Wed Jun 19 2024 12:00:00 GMT+0530 (India Standard Time),""22785.95"",""22813.40"",""22766.80"",""22813.40"",""93.06"""
"Wed Jun 19 2024 12:15:00 GMT+0530 (India Standard Time),""22817.20"",""22849.55"",""22806.80"",""22814.15"",""101.81"""
"Wed Jun 19 2024 12:30:00 GMT+0530 (India Standard Time),""22812.70"",""22835.95"",""22808.60"",""22819.40"",""92.85"""
"Wed Jun 19 2024 12:45:00 GMT+0530 (India Standard Time),""22820.10"",""22841.85"",""22795.90"",""22814.65"",""84.09"""
"Wed Jun 19 2024 13:00:00 GMT+0530 (India Standard Time),""22816.20"",""22828.05"",""22791.20"",""22825.95"",""77.25"""
"Wed Jun 19 2024 13:15:00 GMT+0530 (India Standard Time),""22826.35"",""22829.70"",""22797.15"",""22828.30"",""76.23"""
"Wed Jun 19 2024 13:30:00 GMT+0530 (India Standard Time),""22826.50"",""22879.45"",""22824.10"",""22858.25"",""106.91"""
"Wed Jun 19 2024 13:45:00 GMT+0530 (India Standard Time),""22858.10"",""22926.05"",""22841.00"",""22920.75"",""150.51"""
"Wed Jun 19 2024 14:00:00 GMT+0530 (India Standard Time),""22921.25"",""22996.50"",""22912.35"",""22987.70"",""222.13"""
"Wed Jun 19 2024 14:15:00 GMT+0530 (India Standard Time),""22988.05"",""23054.50"",""22953.80"",""23034.60"",""240.26"""
"Wed Jun 19 2024 14:30:00 GMT+0530 (India Standard Time),""23036.50"",""23154.25"",""23026.90"",""23104.05"",""256.29"""
"Wed Jun 19 2024 14:45:00 GMT+0530 (India Standard Time),""23105.15"",""23127.35"",""22967.60"",""22976.85"",""150.48"""
"Wed Jun 19 2024 15:00:00 GMT+0530 (India Standard Time),""22976.35"",""22982.20"",""22877.50"",""22948.20"",""70.13"""
"Wed Jun 19 2024 15:15:00 GMT+0530 (India Standard Time),""22946.80"",""22968.85"",""22928.55"",""22950.65"",""70.19"""
"Thu Jun 20 2024 09:15:00 GMT+0530 (India Standard Time),""23065.45"",""23065.60"",""22927.35"",""22943.25"",""80.61"""
"Thu Jun 20 2024 09:30:00 GMT+0530 (India Standard Time),""22939.90"",""22972.45"",""22898.10"",""22938.50"",""42.40"""
"Thu Jun 20 2024 09:45:00 GMT+0530 (India Standard Time),""22940.35"",""22949.50"",""22818.25"",""22861.85"",""-8.32"""
"Thu Jun 20 2024 10:00:00 GMT+0530 (India Standard Time),""22863.75"",""22867.60"",""22835.80"",""22838.45"",""-38.48"""
"Thu Jun 20 2024 10:15:00 GMT+0530 (India Standard Time),""22837.90"",""22910.95"",""22819.25"",""22906.30"",""-16.57"""
"Thu Jun 20 2024 10:30:00 GMT+0530 (India Standard Time),""22906.95"",""22929.40"",""22878.20"",""22909.05"",""2.94"""
"Thu Jun 20 2024 10:45:00 GMT+0530 (India Standard Time),""22909.15"",""22925.10"",""22890.70"",""22914.00"",""1.87"""
"Thu Jun 20 2024 11:00:00 GMT+0530 (India Standard Time),""22915.40"",""22971.10"",""22914.90"",""22926.75"",""25.85"""
"Thu Jun 20 2024 11:15:00 GMT+0530 (India Standard Time),""22925.70"",""22959.45"",""22916.90"",""22947.65"",""24.71"""
"Thu Jun 20 2024 11:30:00 GMT+0530 (India Standard Time),""22947.05"",""22993.80"",""22943.25"",""22980.80"",""54.85"""
"Thu Jun 20 2024 11:45:00 GMT+0530 (India Standard Time),""22981.05"",""23004.30"",""22977.45"",""22997.95"",""74.65"""
"Thu Jun 20 2024 12:00:00 GMT+0530 (India Standard Time),""22999.45"",""23000.80"",""22970.40"",""22983.65"",""56.39"""
"Thu Jun 20 2024 12:15:00 GMT+0530 (India Standard Time),""22983.60"",""23004.35"",""22974.25"",""22980.25"",""51.42"""
"Thu Jun 20 2024 12:30:00 GMT+0530 (India Standard Time),""22983.00"",""22985.70"",""22951.55"",""22959.40"",""16.41"""
"Thu Jun 20 2024 12:45:00 GMT+0530 (India Standard Time),""22957.95"",""22986.60"",""22951.10"",""22981.20"",""27.08"""
"Thu Jun 20 2024 13:00:00 GMT+0530 (India Standard Time),""22981.35"",""23011.50"",""22980.40"",""22988.35"",""61.54"""
"Thu Jun 20 2024 13:15:00 GMT+0530 (India Standard Time),""22988.25"",""23068.55"",""22986.80"",""23052.40"",""142.99"""
"Thu Jun 20 2024 13:30:00 GMT+0530 (India Standard Time),""23053.10"",""23068.75"",""23030.70"",""23053.60"",""160.70"""
"Thu Jun 20 2024 13:45:00 GMT+0530 (India Standard Time),""23053.60"",""23058.20"",""22978.85"",""22980.95"",""78.57"""
"Thu Jun 20 2024 14:00:00 GMT+0530 (India Standard Time),""22982.00"",""23016.30"",""22977.40"",""23009.80"",""64.73"""
"Thu Jun 20 2024 14:15:00 GMT+0530 (India Standard Time),""23010.30"",""23045.25"",""23002.35"",""23030.70"",""95.06"""
"Thu Jun 20 2024 14:30:00 GMT+0530 (India Standard Time),""23029.60"",""23032.45"",""22996.90"",""23026.05"",""77.21"""
"Thu Jun 20 2024 14:45:00 GMT+0530 (India Standard Time),""23025.70"",""23029.05"",""22972.25"",""22991.15"",""42.30"""
"Thu Jun 20 2024 15:00:00 GMT+0530 (India Standard Time),""22991.30"",""23045.50"",""22985.65"",""23035.20"",""78.86"""
"Thu Jun 20 2024 15:15:00 GMT+0530 (India Standard Time),""23034.95"",""23053.50"",""23026.80"",""23028.70"",""102.72"""
"Fri Jun 21 2024 09:15:00 GMT+0530 (India Standard Time),""23110.25"",""23110.40"",""22991.85"",""23010.00"",""99.68"""
"Fri Jun 21 2024 09:30:00 GMT+0530 (India Standard Time),""23009.45"",""23041.55"",""22938.55"",""22948.55"",""-56.61"""
"Fri Jun 21 2024 09:45:00 GMT+0530 (India Standard Time),""22947.05"",""22973.80"",""22919.50"",""22965.20"",""-123.25"""
"Fri Jun 21 2024 10:00:00 GMT+0530 (India Standard Time),""22965.25"",""22991.30"",""22920.55"",""22922.35"",""-146.44"""
"Fri Jun 21 2024 10:15:00 GMT+0530 (India Standard Time),""22922.30"",""22943.60"",""22917.35"",""22940.95"",""-158.73"""
"Fri Jun 21 2024 10:30:00 GMT+0530 (India Standard Time),""22942.05"",""22943.30"",""22881.35"",""22895.00"",""-185.85"""
"Fri Jun 21 2024 10:45:00 GMT+0530 (India Standard Time),""22895.05"",""22898.50"",""22841.50"",""22889.20"",""-200.49"""
"Fri Jun 21 2024 11:00:00 GMT+0530 (India Standard Time),""22890.15"",""22900.50"",""22859.55"",""22872.35"",""-162.30"""
"Fri Jun 21 2024 11:15:00 GMT+0530 (India Standard Time),""22873.75"",""22886.15"",""22854.05"",""22869.90"",""-148.24"""
"Fri Jun 21 2024 11:30:00 GMT+0530 (India Standard Time),""22871.45"",""22916.25"",""22848.35"",""22900.60"",""-105.83"""
"Fri Jun 21 2024 11:45:00 GMT+0530 (India Standard Time),""22901.90"",""22904.60"",""22876.00"",""22890.40"",""-90.78"""
"Fri Jun 21 2024 12:00:00 GMT+0530 (India Standard Time),""22892.00"",""22908.30"",""22876.80"",""22904.15"",""-75.24"""
"Fri Jun 21 2024 12:15:00 GMT+0530 (India Standard Time),""22904.30"",""22935.05"",""22894.35"",""22908.25"",""-50.68"""
"Fri Jun 21 2024 12:30:00 GMT+0530 (India Standard Time),""22908.10"",""22915.25"",""22857.85"",""22868.35"",""-82.05"""
"Fri Jun 21 2024 12:45:00 GMT+0530 (India Standard Time),""22870.10"",""22903.00"",""22854.45"",""22887.95"",""-73.47"""
"Fri Jun 21 2024 13:00:00 GMT+0530 (India Standard Time),""22889.10"",""22889.95"",""22814.20"",""22839.10"",""-106.85"""
"Fri Jun 21 2024 13:15:00 GMT+0530 (India Standard Time),""22839.55"",""22881.60"",""22824.90"",""22867.15"",""-87.54"""
"Fri Jun 21 2024 13:30:00 GMT+0530 (India Standard Time),""22866.70"",""22900.10"",""22862.95"",""22886.10"",""-50.14"""
"Fri Jun 21 2024 13:45:00 GMT+0530 (India Standard Time),""22886.65"",""22989.30"",""22882.85"",""22961.15"",""46.82"""
"Fri Jun 21 2024 14:00:00 GMT+0530 (India Standard Time),""22963.50"",""23033.70"",""22945.25"",""22995.65"",""133.85"""
"Fri Jun 21 2024 14:15:00 GMT+0530 (India Standard Time),""22995.40"",""23005.05"",""22847.20"",""22875.70"",""6.75"""
"Fri Jun 21 2024 14:30:00 GMT+0530 (India Standard Time),""22876.50"",""22929.30"",""22844.40"",""22919.85"",""-10.39"""
"Fri Jun 21 2024 14:45:00 GMT+0530 (India Standard Time),""22917.45"",""22997.10"",""22917.45"",""22965.95"",""135.81"""
"Fri Jun 21 2024 15:00:00 GMT+0530 (India Standard Time),""22966.15"",""23054.50"",""22957.80"",""22974.85"",""192.75"""
"Fri Jun 21 2024 15:15:00 GMT+0530 (India Standard Time),""22974.75"",""22988.95"",""22929.35"",""22945.30"",""99.06"""
"Mon Jun 24 2024 09:15:00 GMT+0530 (India Standard Time),""22833.80"",""22915.10"",""22824.05"",""22880.85"",""-61.61"""
"Mon Jun 24 2024 09:30:00 GMT+0530 (India Standard Time),""22881.25"",""22881.25"",""22811.05"",""22837.85"",""-113.70"""
"Mon Jun 24 2024 09:45:00 GMT+0530 (India Standard Time),""22837.60"",""22873.95"",""22826.85"",""22859.60"",""-89.95"""
"Mon Jun 24 2024 10:00:00 GMT+0530 (India Standard Time),""22859.65"",""22917.25"",""22838.60"",""22901.45"",""-31.57"""
"Mon Jun 24 2024 10:15:00 GMT+0530 (India Standard Time),""22902.80"",""22923.20"",""22871.15"",""22904.85"",""-6.22"""
"Mon Jun 24 2024 10:30:00 GMT+0530 (India Standard Time),""22904.85"",""22952.10"",""22903.25"",""22949.25"",""54.71"""
"Mon Jun 24 2024 10:45:00 GMT+0530 (India Standard Time),""22949.00"",""22972.90"",""22926.80"",""22938.55"",""67.36"""
"Mon Jun 24 2024 11:00:00 GMT+0530 (India Standard Time),""22936.60"",""23012.80"",""22936.60"",""22974.25"",""102.29"""
"Mon Jun 24 2024 11:15:00 GMT+0530 (India Standard Time),""22974.10"",""23050.65"",""22970.30"",""23026.50"",""142.50"""
"Mon Jun 24 2024 11:30:00 GMT+0530 (India Standard Time),""23028.50"",""23041.60"",""22973.55"",""22981.30"",""104.20"""
"Mon Jun 24 2024 11:45:00 GMT+0530 (India Standard Time),""22980.85"",""23027.70"",""22966.30"",""23020.75"",""102.82"""
"Mon Jun 24 2024 12:00:00 GMT+0530 (India Standard Time),""23021.20"",""23030.05"",""23010.30"",""23021.50"",""114.28"""
"Mon Jun 24 2024 12:15:00 GMT+0530 (India Standard Time),""23022.05"",""23046.75"",""23014.75"",""23039.15"",""120.07"""
"Mon Jun 24 2024 12:30:00 GMT+0530 (India Standard Time),""23036.80"",""23056.75"",""23006.15"",""23012.05"",""95.88"""
"Mon Jun 24 2024 12:45:00 GMT+0530 (India Standard Time),""23009.50"",""23037.85"",""23006.45"",""23023.50"",""88.38"""
"Mon Jun 24 2024 13:00:00 GMT+0530 (India Standard Time),""23023.25"",""23059.15"",""23014.15"",""23054.60"",""102.38"""
"Mon Jun 24 2024 13:15:00 GMT+0530 (India Standard Time),""23054.35"",""23081.85"",""23032.45"",""23045.95"",""104.58"""
"Mon Jun 24 2024 13:30:00 GMT+0530 (India Standard Time),""23046.60"",""23059.20"",""23033.00"",""23044.45"",""85.65"""
"Mon Jun 24 2024 13:45:00 GMT+0530 (India Standard Time),""23045.10"",""23070.40"",""23026.55"",""23048.45"",""82.95"""
"Mon Jun 24 2024 14:00:00 GMT+0530 (India Standard Time),""23047.65"",""23052.45"",""23016.75"",""23030.35"",""60.43"""
"Mon Jun 24 2024 14:15:00 GMT+0530 (India Standard Time),""23029.70"",""23059.60"",""23008.10"",""23055.10"",""64.59"""
"Mon Jun 24 2024 14:30:00 GMT+0530 (India Standard Time),""23055.25"",""23067.40"",""23035.85"",""23053.30"",""76.37"""
"Mon Jun 24 2024 14:45:00 GMT+0530 (India Standard Time),""23055.20"",""23055.20"",""23009.25"",""23039.60"",""48.98"""
"Mon Jun 24 2024 15:00:00 GMT+0530 (India Standard Time),""23039.85"",""23095.95"",""23029.50"",""23087.10"",""112.79"""
"Mon Jun 24 2024 15:15:00 GMT+0530 (India Standard Time),""23087.20"",""23098.10"",""23061.75"",""23071.45"",""130.64"""
"Tue Jun 25 2024 09:15:00 GMT+0530 (India Standard Time),""23101.30"",""23193.25"",""23098.05"",""23159.30"",""285.06"""
"Tue Jun 25 2024 09:30:00 GMT+0530 (India Standard Time),""23159.20"",""23200.60"",""23134.60"",""23190.35"",""282.05"""
"Tue Jun 25 2024 09:45:00 GMT+0530 (India Standard Time),""23187.05"",""23217.95"",""23172.30"",""23172.30"",""231.06"""
"Tue Jun 25 2024 10:00:00 GMT+0530 (India Standard Time),""23175.10"",""23225.85"",""23168.85"",""23218.15"",""196.60"""
"Tue Jun 25 2024 10:15:00 GMT+0530 (India Standard Time),""23217.70"",""23227.30"",""23199.85"",""23210.00"",""165.56"""
"Tue Jun 25 2024 10:30:00 GMT+0530 (India Standard Time),""23207.45"",""23222.80"",""23198.20"",""23207.80"",""132.43"""
"Tue Jun 25 2024 10:45:00 GMT+0530 (India Standard Time),""23205.75"",""23240.15"",""23204.95"",""23232.75"",""125.38"""
"Tue Jun 25 2024 11:00:00 GMT+0530 (India Standard Time),""23232.60"",""23246.15"",""23210.75"",""23220.35"",""107.70"""
"Tue Jun 25 2024 11:15:00 GMT+0530 (India Standard Time),""23219.40"",""23220.70"",""23190.55"",""23198.55"",""77.55"""
"Tue Jun 25 2024 11:30:00 GMT+0530 (India Standard Time),""23199.15"",""23211.75"",""23190.95"",""23209.90"",""70.55"""
"Tue Jun 25 2024 11:45:00 GMT+0530 (India Standard Time),""23209.45"",""23219.35"",""23199.65"",""23209.00"",""68.36"""
"Tue Jun 25 2024 12:00:00 GMT+0530 (India Standard Time),""23208.50"",""23229.30"",""23202.20"",""23221.30"",""69.74"""
"Tue Jun 25 2024 12:15:00 GMT+0530 (India Standard Time),""23224.50"",""23342.15"",""23211.80"",""23318.40"",""126.64"""
"Tue Jun 25 2024 12:30:00 GMT+0530 (India Standard Time),""23318.10"",""23433.55"",""23316.65"",""23389.75"",""190.86"""
"Tue Jun 25 2024 12:45:00 GMT+0530 (India Standard Time),""23391.60"",""23452.90"",""23384.90"",""23419.75"",""210.36"""
"Tue Jun 25 2024 13:00:00 GMT+0530 (India Standard Time),""23420.10"",""23461.60"",""23401.55"",""23444.80"",""206.02"""
"Tue Jun 25 2024 13:15:00 GMT+0530 (India Standard Time),""23443.15"",""23487.10"",""23438.00"",""23464.20"",""185.17"""
"Tue Jun 25 2024 13:30:00 GMT+0530 (India Standard Time),""23465.80"",""23490.60"",""23442.85"",""23476.15"",""153.28"""
"Tue Jun 25 2024 13:45:00 GMT+0530 (India Standard Time),""23477.55"",""23498.45"",""23460.50"",""23480.55"",""133.92"""
"Tue Jun 25 2024 14:00:00 GMT+0530 (India Standard Time),""23482.65"",""23525.90"",""23468.60"",""23499.15"",""124.78"""
"Tue Jun 25 2024 14:15:00 GMT+0530 (India Standard Time),""23500.55"",""23503.85"",""23448.70"",""23484.70"",""98.41"""
"Tue Jun 25 2024 14:30:00 GMT+0530 (India Standard Time),""23485.25"",""23513.30"",""23472.30"",""23501.85"",""95.33"""
"Tue Jun 25 2024 14:45:00 GMT+0530 (India Standard Time),""23503.30"",""23521.55"",""23470.55"",""23484.45"",""83.76"""
"Tue Jun 25 2024 15:00:00 GMT+0530 (India Standard Time),""23484.60"",""23529.50"",""23459.70"",""23526.65"",""82.75"""
"Tue Jun 25 2024 15:15:00 GMT+0530 (India Standard Time),""23526.25"",""23577.50"",""23511.60"",""23518.55"",""91.82"""
"Wed Jun 26 2024 09:15:00 GMT+0530 (India Standard Time),""23518.85"",""23561.80"",""23470.25"",""23470.25"",""67.02"""
"Wed Jun 26 2024 09:30:00 GMT+0530 (India Standard Time),""23471.50"",""23521.80"",""23448.15"",""23462.95"",""49.20"""
"Wed Jun 26 2024 09:45:00 GMT+0530 (India Standard Time),""23459.40"",""23471.75"",""23423.90"",""23435.25"",""23.43"""
"Wed Jun 26 2024 10:00:00 GMT+0530 (India Standard Time),""23434.95"",""23438.65"",""23402.10"",""23414.30"",""-2.04"""
"Wed Jun 26 2024 10:15:00 GMT+0530 (India Standard Time),""23413.50"",""23491.90"",""23413.50"",""23459.90"",""21.79"""
"Wed Jun 26 2024 10:30:00 GMT+0530 (India Standard Time),""23460.70"",""23474.30"",""23427.50"",""23449.05"",""6.34"""
"Wed Jun 26 2024 10:45:00 GMT+0530 (India Standard Time),""23446.30"",""23508.15"",""23443.40"",""23496.65"",""42.66"""
"Wed Jun 26 2024 11:00:00 GMT+0530 (India Standard Time),""23496.10"",""23543.20"",""23496.10"",""23512.10"",""106.77"""
"Wed Jun 26 2024 11:15:00 GMT+0530 (India Standard Time),""23509.50"",""23573.50"",""23503.50"",""23562.80"",""167.54"""
"Wed Jun 26 2024 11:30:00 GMT+0530 (India Standard Time),""23561.80"",""23592.50"",""23549.15"",""23565.45"",""192.45"""
"Wed Jun 26 2024 11:45:00 GMT+0530 (India Standard Time),""23565.25"",""23586.40"",""23560.95"",""23577.35"",""177.51"""
"Wed Jun 26 2024 12:00:00 GMT+0530 (India Standard Time),""23578.20"",""23608.00"",""23555.85"",""23579.95"",""161.23"""
"Wed Jun 26 2024 12:15:00 GMT+0530 (India Standard Time),""23581.30"",""23609.70"",""23570.50"",""23571.30"",""139.78"""
"Wed Jun 26 2024 12:30:00 GMT+0530 (India Standard Time),""23569.65"",""23599.45"",""23563.65"",""23593.55"",""121.34"""
"Wed Jun 26 2024 12:45:00 GMT+0530 (India Standard Time),""23593.45"",""23595.90"",""23556.10"",""23565.85"",""88.47"""
"Wed Jun 26 2024 13:00:00 GMT+0530 (India Standard Time),""23566.50"",""23582.35"",""23518.20"",""23571.35"",""59.09"""
"Wed Jun 26 2024 13:15:00 GMT+0530 (India Standard Time),""23569.80"",""23605.40"",""23569.80"",""23599.90"",""97.13"""
"Wed Jun 26 2024 13:30:00 GMT+0530 (India Standard Time),""23599.90"",""23615.50"",""23575.85"",""23582.20"",""86.84"""
"Wed Jun 26 2024 13:45:00 GMT+0530 (India Standard Time),""23583.65"",""23602.60"",""23581.35"",""23588.80"",""78.68"""
"Wed Jun 26 2024 14:00:00 GMT+0530 (India Standard Time),""23588.80"",""23627.40"",""23587.40"",""23622.70"",""96.28"""
"Wed Jun 26 2024 14:15:00 GMT+0530 (India Standard Time),""23623.15"",""23632.05"",""23595.10"",""23605.40"",""86.70"""
"Wed Jun 26 2024 14:30:00 GMT+0530 (India Standard Time),""23606.70"",""23635.60"",""23595.30"",""23620.35"",""89.12"""
"Wed Jun 26 2024 14:45:00 GMT+0530 (India Standard Time),""23622.35"",""23638.80"",""23603.55"",""23625.40"",""93.78"""
"Wed Jun 26 2024 15:00:00 GMT+0530 (India Standard Time),""23625.35"",""23626.40"",""23568.25"",""23581.80"",""46.86"""
"Wed Jun 26 2024 15:15:00 GMT+0530 (India Standard Time),""23579.70"",""23606.60"",""23518.45"",""23518.45"",""-46.21"""
"Thu Jun 27 2024 09:15:00 GMT+0530 (India Standard Time),""23638.20"",""23638.20"",""23504.45"",""23551.35"",""-29.48"""
"Thu Jun 27 2024 09:30:00 GMT+0530 (India Standard Time),""23550.70"",""23599.95"",""23538.95"",""23578.30"",""-25.88"""
"Thu Jun 27 2024 09:45:00 GMT+0530 (India Standard Time),""23582.20"",""23701.75"",""23578.55"",""23697.95"",""236.62"""
"Thu Jun 27 2024 10:00:00 GMT+0530 (India Standard Time),""23696.70"",""23763.20"",""23692.50"",""23730.20"",""322.94"""
"Thu Jun 27 2024 10:15:00 GMT+0530 (India Standard Time),""23730.20"",""23744.60"",""23694.60"",""23720.15"",""224.76"""
"Thu Jun 27 2024 10:30:00 GMT+0530 (India Standard Time),""23721.60"",""23727.90"",""23577.05"",""23578.90"",""41.22"""
"Thu Jun 27 2024 10:45:00 GMT+0530 (India Standard Time),""23578.55"",""23619.45"",""23544.55"",""23616.25"",""-26.72"""
"Thu Jun 27 2024 11:00:00 GMT+0530 (India Standard Time),""23613.45"",""23657.75"",""23599.90"",""23654.90"",""53.08"""
"Thu Jun 27 2024 11:15:00 GMT+0530 (India Standard Time),""23652.75"",""23663.05"",""23611.55"",""23636.85"",""47.02"""
"Thu Jun 27 2024 11:30:00 GMT+0530 (India Standard Time),""23636.95"",""23664.40"",""23621.70"",""23656.65"",""59.48"""
"Thu Jun 27 2024 11:45:00 GMT+0530 (India Standard Time),""23656.25"",""23658.70"",""23629.85"",""23656.60"",""53.86"""
"Thu Jun 27 2024 12:00:00 GMT+0530 (India Standard Time),""23656.80"",""23692.35"",""23646.45"",""23692.35"",""96.77"""
"Thu Jun 27 2024 12:15:00 GMT+0530 (India Standard Time),""23690.85"",""23705.25"",""23668.85"",""23671.55"",""93.90"""
"Thu Jun 27 2024 12:30:00 GMT+0530 (India Standard Time),""23672.95"",""23695.25"",""23651.30"",""23670.10"",""68.90"""
"Thu Jun 27 2024 12:45:00 GMT+0530 (India Standard Time),""23668.15"",""23701.25"",""23617.40"",""23626.00"",""23.26"""
"Thu Jun 27 2024 13:00:00 GMT+0530 (India Standard Time),""23625.05"",""23642.95"",""23619.50"",""23638.35"",""-5.38"""
"Thu Jun 27 2024 13:15:00 GMT+0530 (India Standard Time),""23639.05"",""23675.15"",""23627.00"",""23638.05"",""16.70"""
"Thu Jun 27 2024 13:30:00 GMT+0530 (India Standard Time),""23639.65"",""23656.75"",""23617.15"",""23641.50"",""-0.56"""
"Thu Jun 27 2024 13:45:00 GMT+0530 (India Standard Time),""23642.25"",""23648.95"",""23598.15"",""23639.50"",""-24.12"""
"Thu Jun 27 2024 14:00:00 GMT+0530 (India Standard Time),""23642.10"",""23658.90"",""23585.25"",""23624.15"",""-50.18"""
"Thu Jun 27 2024 14:15:00 GMT+0530 (India Standard Time),""23622.65"",""23630.30"",""23576.95"",""23590.10"",""-116.19"""
"Thu Jun 27 2024 14:30:00 GMT+0530 (India Standard Time),""23590.65"",""23654.75"",""23566.35"",""23651.85"",""-65.67"""
"Thu Jun 27 2024 14:45:00 GMT+0530 (India Standard Time),""23653.10"",""23685.70"",""23622.20"",""23660.85"",""21.12"""
"Thu Jun 27 2024 15:00:00 GMT+0530 (India Standard Time),""23661.10"",""23665.55"",""23589.95"",""23619.25"",""-58.86"""
"Thu Jun 27 2024 15:15:00 GMT+0530 (India Standard Time),""23621.40"",""23662.25"",""23605.85"",""23605.85"",""-54.55"""
"Fri Jun 28 2024 09:15:00 GMT+0530 (India Standard Time),""23644.20"",""23682.95"",""23611.70"",""23644.85"",""27.61"""
"Fri Jun 28 2024 09:30:00 GMT+0530 (India Standard Time),""23641.00"",""23711.05"",""23621.65"",""23686.85"",""121.30"""
"Fri Jun 28 2024 09:45:00 GMT+0530 (India Standard Time),""23685.30"",""23697.15"",""23643.10"",""23660.60"",""86.01"""
"Fri Jun 28 2024 10:00:00 GMT+0530 (India Standard Time),""23662.35"",""23697.90"",""23660.95"",""23682.35"",""122.58"""
"Fri Jun 28 2024 10:15:00 GMT+0530 (India Standard Time),""23681.60"",""23693.80"",""23651.55"",""23682.15"",""93.09"""
"Fri Jun 28 2024 10:30:00 GMT+0530 (India Standard Time),""23681.95"",""23705.20"",""23676.50"",""23688.55"",""120.50"""
"Fri Jun 28 2024 10:45:00 GMT+0530 (India Standard Time),""23687.35"",""23689.30"",""23639.85"",""23655.30"",""37.04"""
"Fri Jun 28 2024 11:00:00 GMT+0530 (India Standard Time),""23655.15"",""23665.60"",""23629.30"",""23639.00"",""-11.49"""
"Fri Jun 28 2024 11:15:00 GMT+0530 (India Standard Time),""23638.75"",""23640.90"",""23574.05"",""23576.00"",""-154.22"""
"Fri Jun 28 2024 11:30:00 GMT+0530 (India Standard Time),""23575.85"",""23647.10"",""23560.95"",""23627.60"",""-93.16"""
"Fri Jun 28 2024 11:45:00 GMT+0530 (India Standard Time),""23628.05"",""23631.55"",""23593.85"",""23599.50"",""-94.75"""
"Fri Jun 28 2024 12:00:00 GMT+0530 (India Standard Time),""23600.15"",""23614.30"",""23581.70"",""23586.20"",""-118.93"""
"Fri Jun 28 2024 12:15:00 GMT+0530 (India Standard Time),""23587.05"",""23590.30"",""23502.30"",""23513.75"",""-220.95"""
"Fri Jun 28 2024 12:30:00 GMT+0530 (India Standard Time),""23514.75"",""23528.40"",""23487.15"",""23518.40"",""-222.34"""
"Fri Jun 28 2024 12:45:00 GMT+0530 (India Standard Time),""23518.35"",""23532.40"",""23465.25"",""23491.90"",""-199.96"""
"Fri Jun 28 2024 13:00:00 GMT+0530 (India Standard Time),""23491.40"",""23493.00"",""23445.80"",""23486.70"",""-190.22"""
"Fri Jun 28 2024 13:15:00 GMT+0530 (India Standard Time),""23485.05"",""23502.20"",""23454.00"",""23475.10"",""-153.56"""
"Fri Jun 28 2024 13:30:00 GMT+0530 (India Standard Time),""23475.15"",""23522.85"",""23463.90"",""23505.05"",""-111.29"""
"Fri Jun 28 2024 13:45:00 GMT+0530 (India Standard Time),""23506.75"",""23530.80"",""23492.15"",""23502.25"",""-86.87"""
"Fri Jun 28 2024 14:00:00 GMT+0530 (India Standard Time),""23502.70"",""23575.75"",""23494.15"",""23556.35"",""-47.07"""
"Fri Jun 28 2024 14:15:00 GMT+0530 (India Standard Time),""23556.35"",""23570.65"",""23495.90"",""23500.05"",""-59.57"""
"Fri Jun 28 2024 14:30:00 GMT+0530 (India Standard Time),""23503.75"",""23520.65"",""23432.30"",""23474.85"",""-93.74"""
"Fri Jun 28 2024 14:45:00 GMT+0530 (India Standard Time),""23474.80"",""23518.25"",""23473.10"",""23473.10"",""-74.82"""
"Fri Jun 28 2024 15:00:00 GMT+0530 (India Standard Time),""23474.60"",""23487.50"",""23388.65"",""23393.20"",""-128.26"""
"Fri Jun 28 2024 15:15:00 GMT+0530 (India Standard Time),""23393.35"",""23423.60"",""23379.55"",""23417.95"",""-136.23"""
"Mon Jul 01 2024 09:15:00 GMT+0530 (India Standard Time),""23418.50"",""23455.25"",""23361.10"",""23414.20"",""-126.87"""
"Mon Jul 01 2024 09:30:00 GMT+0530 (India Standard Time),""23413.75"",""23519.60"",""23413.20"",""23514.85"",""-41.17"""
"Mon Jul 01 2024 09:45:00 GMT+0530 (India Standard Time),""23516.45"",""23528.70"",""23490.05"",""23502.85"",""-1.98"""
"Mon Jul 01 2024 10:00:00 GMT+0530 (India Standard Time),""23501.90"",""23520.85"",""23462.20"",""23472.55"",""-28.57"""
"Mon Jul 01 2024 10:15:00 GMT+0530 (India Standard Time),""23472.35"",""23513.10"",""23471.20"",""23496.10"",""-6.74"""
"Mon Jul 01 2024 10:30:00 GMT+0530 (India Standard Time),""23495.75"",""23516.50"",""23490.60"",""23497.65"",""21.90"""
"Mon Jul 01 2024 10:45:00 GMT+0530 (India Standard Time),""23496.55"",""23506.30"",""23462.05"",""23495.35"",""3.95"""
"Mon Jul 01 2024 11:00:00 GMT+0530 (India Standard Time),""23495.55"",""23511.55"",""23493.80"",""23502.40"",""49.10"""
"Mon Jul 01 2024 11:15:00 GMT+0530 (India Standard Time),""23501.15"",""23583.85"",""23498.80"",""23577.05"",""171.24"""
"Mon Jul 01 2024 11:30:00 GMT+0530 (India Standard Time),""23575.00"",""23578.05"",""23547.50"",""23574.80"",""174.95"""
"Mon Jul 01 2024 11:45:00 GMT+0530 (India Standard Time),""23575.05"",""23593.30"",""23560.65"",""23566.05"",""161.62"""
"Mon Jul 01 2024 12:00:00 GMT+0530 (India Standard Time),""23565.95"",""23578.80"",""23563.90"",""23568.60"",""134.86"""
"Mon Jul 01 2024 12:15:00 GMT+0530 (India Standard Time),""23568.35"",""23601.70"",""23562.25"",""23581.60"",""133.46"""
"Mon Jul 01 2024 12:30:00 GMT+0530 (India Standard Time),""23581.40"",""23594.70"",""23567.15"",""23589.00"",""117.31"""
"Mon Jul 01 2024 12:45:00 GMT+0530 (India Standard Time),""23588.50"",""23597.15"",""23586.10"",""23590.30"",""117.21"""
"Mon Jul 01 2024 13:00:00 GMT+0530 (India Standard Time),""23590.05"",""23610.30"",""23583.85"",""23604.60"",""112.42"""
"Mon Jul 01 2024 13:15:00 GMT+0530 (India Standard Time),""23605.30"",""23617.85"",""23587.60"",""23602.55"",""101.82"""
"Mon Jul 01 2024 13:30:00 GMT+0530 (India Standard Time),""23603.40"",""23630.45"",""23597.60"",""23621.25"",""104.76"""
"Mon Jul 01 2024 13:45:00 GMT+0530 (India Standard Time),""23622.20"",""23640.65"",""23604.60"",""23630.60"",""105.68"""
"Mon Jul 01 2024 14:00:00 GMT+0530 (India Standard Time),""23630.30"",""23637.35"",""23598.75"",""23615.60"",""90.96"""
"Mon Jul 01 2024 14:15:00 GMT+0530 (India Standard Time),""23615.60"",""23636.10"",""23602.35"",""23622.10"",""91.71"""
"Mon Jul 01 2024 14:30:00 GMT+0530 (India Standard Time),""23623.90"",""23628.95"",""23588.10"",""23606.15"",""68.91"""
"Mon Jul 01 2024 14:45:00 GMT+0530 (India Standard Time),""23606.10"",""23628.70"",""23596.05"",""23616.05"",""73.71"""
"Mon Jul 01 2024 15:00:00 GMT+0530 (India Standard Time),""23618.40"",""23660.25"",""23593.20"",""23643.00"",""100.10"""
"Mon Jul 01 2024 15:15:00 GMT+0530 (India Standard Time),""23642.10"",""23651.60"",""23598.10"",""23606.85"",""72.06"""
"Tue Jul 02 2024 09:15:00 GMT+0530 (India Standard Time),""23732.55"",""23749.25"",""23555.70"",""23566.30"",""77.42"""
"Tue Jul 02 2024 09:30:00 GMT+0530 (India Standard Time),""23568.60"",""23575.15"",""23441.70"",""23441.70"",""-231.81"""
"Tue Jul 02 2024 09:45:00 GMT+0530 (India Standard Time),""23443.80"",""23489.00"",""23395.95"",""23450.35"",""-284.59"""
"Tue Jul 02 2024 10:00:00 GMT+0530 (India Standard Time),""23447.80"",""23521.05"",""23438.70"",""23465.40"",""-189.04"""
"Tue Jul 02 2024 10:15:00 GMT+0530 (India Standard Time),""23464.70"",""23504.60"",""23458.60"",""23478.40"",""-148.44"""
"Tue Jul 02 2024 10:30:00 GMT+0530 (India Standard Time),""23474.60"",""23517.50"",""23470.70"",""23504.95"",""-104.04"""
"Tue Jul 02 2024 10:45:00 GMT+0530 (India Standard Time),""23504.20"",""23524.50"",""23493.65"",""23524.25"",""-72.18"""
"Tue Jul 02 2024 11:00:00 GMT+0530 (India Standard Time),""23523.85"",""23540.00"",""23502.05"",""23536.80"",""-50.96"""
"Tue Jul 02 2024 11:15:00 GMT+0530 (India Standard Time),""23533.65"",""23546.55"",""23518.45"",""23529.55"",""-40.38"""
"Tue Jul 02 2024 11:30:00 GMT+0530 (India Standard Time),""23530.25"",""23535.80"",""23410.65"",""23428.35"",""-108.67"""
"Tue Jul 02 2024 11:45:00 GMT+0530 (India Standard Time),""23428.25"",""23487.50"",""23422.90"",""23474.40"",""-93.34"""
"Tue Jul 02 2024 12:00:00 GMT+0530 (India Standard Time),""23475.95"",""23491.85"",""23451.05"",""23454.65"",""-80.54"""
"Tue Jul 02 2024 12:15:00 GMT+0530 (India Standard Time),""23454.90"",""23476.55"",""23451.80"",""23468.05"",""-74.47"""
"Tue Jul 02 2024 12:30:00 GMT+0530 (India Standard Time),""23468.85"",""23479.75"",""23431.55"",""23446.20"",""-82.00"""
"Tue Jul 02 2024 12:45:00 GMT+0530 (India Standard Time),""23447.90"",""23461.75"",""23432.30"",""23444.95"",""-82.44"""
"Tue Jul 02 2024 13:00:00 GMT+0530 (India Standard Time),""23442.25"",""23509.20"",""23438.00"",""23496.10"",""-39.77"""
"Tue Jul 02 2024 13:15:00 GMT+0530 (India Standard Time),""23494.85"",""23510.75"",""23481.00"",""23483.05"",""-22.30"""
"Tue Jul 02 2024 13:30:00 GMT+0530 (India Standard Time),""23485.10"",""23528.50"",""23474.45"",""23510.05"",""2.19"""
"Tue Jul 02 2024 13:45:00 GMT+0530 (India Standard Time),""23510.35"",""23518.70"",""23482.50"",""23501.55"",""8.77"""
"Tue Jul 02 2024 14:00:00 GMT+0530 (India Standard Time),""23501.40"",""23509.30"",""23475.40"",""23485.35"",""0.26"""
"Tue Jul 02 2024 14:15:00 GMT+0530 (India Standard Time),""23485.30"",""23507.15"",""23483.60"",""23504.15"",""47.77"""
"Tue Jul 02 2024 14:30:00 GMT+0530 (India Standard Time),""23504.50"",""23526.80"",""23498.80"",""23511.15"",""83.65"""
"Tue Jul 02 2024 14:45:00 GMT+0530 (India Standard Time),""23510.40"",""23528.75"",""23497.65"",""23513.05"",""79.34"""
"Tue Jul 02 2024 15:00:00 GMT+0530 (India Standard Time),""23517.25"",""23520.85"",""23490.65"",""23500.30"",""45.62"""
"Tue Jul 02 2024 15:15:00 GMT+0530 (India Standard Time),""23499.85"",""23510.25"",""23483.05"",""23490.05"",""13.03"""
"Wed Jul 03 2024 09:15:00 GMT+0530 (India Standard Time),""23847.20"",""23889.75"",""23692.75"",""23818.50"",""539.82"""
"Wed Jul 03 2024 09:30:00 GMT+0530 (India Standard Time),""23817.25"",""23928.65"",""23814.25"",""23928.65"",""374.94"""
"Wed Jul 03 2024 09:45:00 GMT+0530 (India Standard Time),""23927.50"",""23977.20"",""23918.25"",""23940.40"",""266.60"""
"Wed Jul 03 2024 10:00:00 GMT+0530 (India Standard Time),""23938.25"",""23953.75"",""23916.40"",""23920.65"",""186.42"""
"Wed Jul 03 2024 10:15:00 GMT+0530 (India Standard Time),""23922.70"",""23985.05"",""23898.40"",""23975.75"",""154.23"""
"Wed Jul 03 2024 10:30:00 GMT+0530 (India Standard Time),""23978.90"",""23991.45"",""23942.70"",""23958.25"",""129.78"""
"Wed Jul 03 2024 10:45:00 GMT+0530 (India Standard Time),""23958.25"",""23973.30"",""23941.85"",""23972.95"",""109.41"""
"Wed Jul 03 2024 11:00:00 GMT+0530 (India Standard Time),""23968.60"",""23976.25"",""23924.25"",""23932.40"",""89.90"""
"Wed Jul 03 2024 11:15:00 GMT+0530 (India Standard Time),""23932.15"",""23951.35"",""23899.00"",""23926.70"",""74.59"""
"Wed Jul 03 2024 11:30:00 GMT+0530 (India Standard Time),""23928.35"",""23953.60"",""23919.30"",""23940.25"",""70.52"""
"Wed Jul 03 2024 11:45:00 GMT+0530 (India Standard Time),""23940.75"",""23951.25"",""23930.45"",""23934.75"",""64.47"""
"Wed Jul 03 2024 12:00:00 GMT+0530 (India Standard Time),""23936.25"",""23943.75"",""23917.05"",""23931.35"",""56.78"""
"Wed Jul 03 2024 12:15:00 GMT+0530 (India Standard Time),""23931.95"",""23959.45"",""23926.70"",""23942.00"",""56.28"""
"Wed Jul 03 2024 12:30:00 GMT+0530 (India Standard Time),""23941.75"",""23965.00"",""23940.30"",""23944.70"",""55.11"""
"Wed Jul 03 2024 12:45:00 GMT+0530 (India Standard Time),""23944.65"",""23959.70"",""23941.35"",""23945.75"",""51.14"""
"Wed Jul 03 2024 13:00:00 GMT+0530 (India Standard Time),""23944.75"",""23946.10"",""23924.65"",""23938.00"",""42.63"""
"Wed Jul 03 2024 13:15:00 GMT+0530 (India Standard Time),""23939.20"",""23951.15"",""23932.15"",""23946.45"",""43.38"""
"Wed Jul 03 2024 13:30:00 GMT+0530 (India Standard Time),""23946.10"",""23955.50"",""23938.35"",""23952.40"",""45.33"""
"Wed Jul 03 2024 13:45:00 GMT+0530 (India Standard Time),""23951.50"",""23969.10"",""23929.30"",""23941.25"",""42.23"""
"Wed Jul 03 2024 14:00:00 GMT+0530 (India Standard Time),""23938.80"",""23941.75"",""23916.05"",""23922.50"",""-22.38"""
"Wed Jul 03 2024 14:15:00 GMT+0530 (India Standard Time),""23924.60"",""23938.10"",""23902.20"",""23911.50"",""-123.14"""
"Wed Jul 03 2024 14:30:00 GMT+0530 (India Standard Time),""23911.65"",""23934.05"",""23902.65"",""23922.30"",""-136.26"""
"Wed Jul 03 2024 14:45:00 GMT+0530 (India Standard Time),""23923.90"",""23927.05"",""23895.75"",""23903.95"",""-171.63"""
"Wed Jul 03 2024 15:00:00 GMT+0530 (India Standard Time),""23903.95"",""23935.15"",""23895.95"",""23933.95"",""-92.16"""
"Wed Jul 03 2024 15:15:00 GMT+0530 (India Standard Time),""23934.10"",""23950.30"",""23903.70"",""23914.80"",""-76.19"""
"Thu Jul 04 2024 09:15:00 GMT+0530 (India Standard Time),""24044.25"",""24046.60"",""23897.65"",""23935.45"",""128.81"""
"Thu Jul 04 2024 09:30:00 GMT+0530 (India Standard Time),""23935.15"",""23971.80"",""23919.30"",""23971.80"",""103.33"""
"Thu Jul 04 2024 09:45:00 GMT+0530 (India Standard Time),""23972.65"",""23999.95"",""23957.60"",""23987.00"",""216.62"""
"Thu Jul 04 2024 10:00:00 GMT+0530 (India Standard Time),""23987.35"",""23993.40"",""23967.10"",""23970.65"",""165.92"""
"Thu Jul 04 2024 10:15:00 GMT+0530 (India Standard Time),""23970.55"",""23979.80"",""23878.05"",""23912.40"",""-72.00"""
"Thu Jul 04 2024 10:30:00 GMT+0530 (India Standard Time),""23912.55"",""23916.55"",""23828.85"",""23852.15"",""-247.59"""
"Thu Jul 04 2024 10:45:00 GMT+0530 (India Standard Time),""23851.80"",""23855.05"",""23808.95"",""23839.55"",""-266.56"""
"Thu Jul 04 2024 11:00:00 GMT+0530 (India Standard Time),""23839.50"",""23858.40"",""23821.00"",""23848.75"",""-198.35"""
"Thu Jul 04 2024 11:15:00 GMT+0530 (India Standard Time),""23847.35"",""23863.35"",""23837.35"",""23861.90"",""-145.70"""
"Thu Jul 04 2024 11:30:00 GMT+0530 (India Standard Time),""23861.35"",""23869.25"",""23833.55"",""23845.35"",""-130.21"""
"Thu Jul 04 2024 11:45:00 GMT+0530 (India Standard Time),""23846.10"",""23858.00"",""23834.15"",""23839.50"",""-118.04"""
"Thu Jul 04 2024 12:00:00 GMT+0530 (India Standard Time),""23840.90"",""23863.35"",""23839.00"",""23852.05"",""-91.01"""
"Thu Jul 04 2024 12:15:00 GMT+0530 (India Standard Time),""23852.25"",""23866.20"",""23844.95"",""23860.85"",""-71.69"""
"Thu Jul 04 2024 12:30:00 GMT+0530 (India Standard Time),""23860.25"",""23863.40"",""23850.50"",""23857.40"",""-64.18"""
"Thu Jul 04 2024 12:45:00 GMT+0530 (India Standard Time),""23857.50"",""23876.05"",""23854.90"",""23864.75"",""-46.53"""
"Thu Jul 04 2024 13:00:00 GMT+0530 (India Standard Time),""23863.95"",""23874.40"",""23856.70"",""23864.20"",""-42.55"""
"Thu Jul 04 2024 13:15:00 GMT+0530 (India Standard Time),""23863.65"",""23873.15"",""23844.30"",""23853.40"",""-50.46"""
"Thu Jul 04 2024 13:30:00 GMT+0530 (India Standard Time),""23853.25"",""23858.65"",""23836.75"",""23846.30"",""-60.36"""
"Thu Jul 04 2024 13:45:00 GMT+0530 (India Standard Time),""23846.25"",""23853.20"",""23831.90"",""23852.00"",""-58.54"""
"Thu Jul 04 2024 14:00:00 GMT+0530 (India Standard Time),""23852.35"",""23889.15"",""23841.50"",""23870.35"",""-21.86"""
"Thu Jul 04 2024 14:15:00 GMT+0530 (India Standard Time),""23870.55"",""23886.60"",""23850.65"",""23886.10"",""-2.54"""
"Thu Jul 04 2024 14:30:00 GMT+0530 (India Standard Time),""23885.80"",""23925.25"",""23885.80"",""23914.80"",""78.74"""
"Thu Jul 04 2024 14:45:00 GMT+0530 (India Standard Time),""23913.25"",""23925.10"",""23885.80"",""23887.20"",""84.76"""
"Thu Jul 04 2024 15:00:00 GMT+0530 (India Standard Time),""23889.35"",""23899.60"",""23864.50"",""23880.55"",""66.81"""
"Thu Jul 04 2024 15:15:00 GMT+0530 (India Standard Time),""23881.05"",""23885.95"",""23864.45"",""23870.20"",""53.81"""
"Fri Jul 05 2024 09:15:00 GMT+0530 (India Standard Time),""23640.40"",""23719.40"",""23592.05"",""23592.05"",""-563.56"""
"Fri Jul 05 2024 09:30:00 GMT+0530 (India Standard Time),""23593.00"",""23596.95"",""23507.10"",""23563.95"",""-387.55"""
"Fri Jul 05 2024 09:45:00 GMT+0530 (India Standard Time),""23564.85"",""23566.75"",""23496.85"",""23531.55"",""-260.34"""
"Fri Jul 05 2024 10:00:00 GMT+0530 (India Standard Time),""23535.80"",""23576.00"",""23531.40"",""23547.95"",""-178.40"""
"Fri Jul 05 2024 10:15:00 GMT+0530 (India Standard Time),""23547.20"",""23565.65"",""23524.35"",""23558.15"",""-142.35"""
"Fri Jul 05 2024 10:30:00 GMT+0530 (India Standard Time),""23558.25"",""23583.50"",""23548.85"",""23576.50"",""-108.95"""
"Fri Jul 05 2024 10:45:00 GMT+0530 (India Standard Time),""23575.70"",""23629.45"",""23574.20"",""23611.95"",""-78.51"""
"Fri Jul 05 2024 11:00:00 GMT+0530 (India Standard Time),""23611.35"",""23618.55"",""23580.00"",""23584.90"",""-73.76"""
"Fri Jul 05 2024 11:15:00 GMT+0530 (India Standard Time),""23585.35"",""23619.20"",""23582.75"",""23608.45"",""-62.11"""
"Fri Jul 05 2024 11:30:00 GMT+0530 (India Standard Time),""23607.10"",""23628.95"",""23602.35"",""23620.90"",""-50.13"""
"Fri Jul 05 2024 11:45:00 GMT+0530 (India Standard Time),""23620.05"",""23625.20"",""23605.20"",""23605.55"",""-47.61"""
"Fri Jul 05 2024 12:00:00 GMT+0530 (India Standard Time),""23605.30"",""23618.70"",""23592.80"",""23595.10"",""-47.60"""
"Fri Jul 05 2024 12:15:00 GMT+0530 (India Standard Time),""23593.70"",""23617.25"",""23592.65"",""23602.25"",""-42.74"""
"Fri Jul 05 2024 12:30:00 GMT+0530 (India Standard Time),""23602.35"",""23619.50"",""23598.40"",""23608.40"",""-36.79"""
"Fri Jul 05 2024 12:45:00 GMT+0530 (India Standard Time),""23606.70"",""23609.85"",""23591.60"",""23601.35"",""-37.58"""
"Fri Jul 05 2024 13:00:00 GMT+0530 (India Standard Time),""23601.60"",""23614.80"",""23561.15"",""23568.20"",""-46.87"""
"Fri Jul 05 2024 13:15:00 GMT+0530 (India Standard Time),""23567.80"",""23586.55"",""23560.85"",""23578.50"",""-50.39"""
"Fri Jul 05 2024 13:30:00 GMT+0530 (India Standard Time),""23579.20"",""23605.75"",""23573.40"",""23577.85"",""-38.67"""
"Fri Jul 05 2024 13:45:00 GMT+0530 (India Standard Time),""23577.90"",""23579.25"",""23559.10"",""23568.80"",""-61.61"""
"Fri Jul 05 2024 14:00:00 GMT+0530 (India Standard Time),""23570.35"",""23582.35"",""23559.85"",""23577.75"",""-39.39"""
"Fri Jul 05 2024 14:15:00 GMT+0530 (India Standard Time),""23577.90"",""23588.00"",""23549.10"",""23563.75"",""-52.02"""
"Fri Jul 05 2024 14:30:00 GMT+0530 (India Standard Time),""23563.45"",""23591.45"",""23559.90"",""23573.85"",""-30.11"""
"Fri Jul 05 2024 14:45:00 GMT+0530 (India Standard Time),""23574.05"",""23578.30"",""23557.45"",""23574.85"",""-59.06"""
"Fri Jul 05 2024 15:00:00 GMT+0530 (India Standard Time),""23575.20"",""23675.50"",""23575.20"",""23653.45"",""162.50"""
"Fri Jul 05 2024 15:15:00 GMT+0530 (India Standard Time),""23653.80"",""23662.55"",""23625.95"",""23628.55"",""162.05"""
"Mon Jul 08 2024 09:15:00 GMT+0530 (India Standard Time),""23615.60"",""23665.90"",""23527.80"",""23645.40"",""61.49"""
"Mon Jul 08 2024 09:30:00 GMT+0530 (India Standard Time),""23645.70"",""23680.25"",""23562.65"",""23573.25"",""32.80"""
"Mon Jul 08 2024 09:45:00 GMT+0530 (India Standard Time),""23572.10"",""23584.10"",""23547.25"",""23564.00"",""-103.05"""
"Mon Jul 08 2024 10:00:00 GMT+0530 (India Standard Time),""23560.55"",""23643.80"",""23554.55"",""23624.05"",""41.19"""
"Mon Jul 08 2024 10:15:00 GMT+0530 (India Standard Time),""23623.70"",""23666.95"",""23616.35"",""23656.35"",""158.50"""
"Mon Jul 08 2024 10:30:00 GMT+0530 (India Standard Time),""23655.60"",""23664.40"",""23576.00"",""23604.00"",""56.54"""
"Mon Jul 08 2024 10:45:00 GMT+0530 (India Standard Time),""23603.35"",""23604.45"",""23566.60"",""23587.55"",""-31.10"""
"Mon Jul 08 2024 11:00:00 GMT+0530 (India Standard Time),""23587.05"",""23592.35"",""23534.65"",""23561.60"",""-92.98"""
"Mon Jul 08 2024 11:15:00 GMT+0530 (India Standard Time),""23560.15"",""23571.75"",""23549.20"",""23566.90"",""-85.41"""
"Mon Jul 08 2024 11:30:00 GMT+0530 (India Standard Time),""23565.70"",""23577.60"",""23514.95"",""23528.10"",""-134.95"""
"Mon Jul 08 2024 11:45:00 GMT+0530 (India Standard Time),""23528.70"",""23571.95"",""23524.60"",""23551.30"",""-100.56"""
"Mon Jul 08 2024 12:00:00 GMT+0530 (India Standard Time),""23551.50"",""23560.10"",""23478.90"",""23494.40"",""-174.93"""
"Mon Jul 08 2024 12:15:00 GMT+0530 (India Standard Time),""23494.55"",""23525.90"",""23476.80"",""23517.10"",""-159.17"""
"Mon Jul 08 2024 12:30:00 GMT+0530 (India Standard Time),""23519.80"",""23545.10"",""23510.25"",""23526.95"",""-103.84"""
"Mon Jul 08 2024 12:45:00 GMT+0530 (India Standard Time),""23527.35"",""23561.55"",""23522.85"",""23559.70"",""-57.07"""
"Mon Jul 08 2024 13:00:00 GMT+0530 (India Standard Time),""23560.15"",""23579.80"",""23546.55"",""23562.55"",""-26.75"""
"Mon Jul 08 2024 13:15:00 GMT+0530 (India Standard Time),""23564.65"",""23586.10"",""23554.50"",""23559.30"",""-18.44"""
"Mon Jul 08 2024 13:30:00 GMT+0530 (India Standard Time),""23559.65"",""23578.65"",""23544.65"",""23573.60"",""-19.85"""
"Mon Jul 08 2024 13:45:00 GMT+0530 (India Standard Time),""23573.85"",""23638.90"",""23571.15"",""23615.50"",""69.79"""
"Mon Jul 08 2024 14:00:00 GMT+0530 (India Standard Time),""23616.25"",""23623.15"",""23592.85"",""23597.20"",""69.33"""
"Mon Jul 08 2024 14:15:00 GMT+0530 (India Standard Time),""23599.20"",""23617.70"",""23582.40"",""23617.70"",""74.51"""
"Mon Jul 08 2024 14:30:00 GMT+0530 (India Standard Time),""23618.10"",""23619.40"",""23570.95"",""23573.60"",""37.89"""
"Mon Jul 08 2024 14:45:00 GMT+0530 (India Standard Time),""23574.05"",""23593.40"",""23561.25"",""23572.60"",""8.53"""
"Mon Jul 08 2024 15:00:00 GMT+0530 (India Standard Time),""23571.00"",""23610.00"",""23565.55"",""23571.55"",""28.02"""
"Mon Jul 08 2024 15:15:00 GMT+0530 (India Standard Time),""23572.35"",""23621.95"",""23561.15"",""23604.80"",""74.61"""
"Tue Jul 09 2024 09:15:00 GMT+0530 (India Standard Time),""23566.25"",""23652.35"",""23523.60"",""23621.25"",""88.16"""
"Tue Jul 09 2024 09:30:00 GMT+0530 (India Standard Time),""23620.70"",""23658.50"",""23594.55"",""23647.75"",""160.42"""
"Tue Jul 09 2024 09:45:00 GMT+0530 (India Standard Time),""23646.90"",""23651.60"",""23594.55"",""23624.90"",""117.43"""
"Tue Jul 09 2024 10:00:00 GMT+0530 (India Standard Time),""23626.90"",""23648.10"",""23604.60"",""23632.55"",""113.02"""
"Tue Jul 09 2024 10:15:00 GMT+0530 (India Standard Time),""23632.70"",""23644.45"",""23621.65"",""23636.35"",""112.95"""
"Tue Jul 09 2024 10:30:00 GMT+0530 (India Standard Time),""23634.60"",""23651.50"",""23627.25"",""23645.90"",""115.75"""
"Tue Jul 09 2024 10:45:00 GMT+0530 (India Standard Time),""23646.20"",""23654.10"",""23637.75"",""23643.15"",""114.97"""
"Tue Jul 09 2024 11:00:00 GMT+0530 (India Standard Time),""23643.25"",""23655.90"",""23628.35"",""23640.25"",""102.24"""
"Tue Jul 09 2024 11:15:00 GMT+0530 (India Standard Time),""23641.05"",""23653.30"",""23633.50"",""23637.20"",""95.06"""
"Tue Jul 09 2024 11:30:00 GMT+0530 (India Standard Time),""23635.80"",""23685.80"",""23634.25"",""23676.70"",""141.07"""
"Tue Jul 09 2024 11:45:00 GMT+0530 (India Standard Time),""23676.35"",""23680.30"",""23660.15"",""23664.90"",""132.26"""
"Tue Jul 09 2024 12:00:00 GMT+0530 (India Standard Time),""23663.45"",""23670.65"",""23650.20"",""23655.15"",""99.02"""
"Tue Jul 09 2024 12:15:00 GMT+0530 (India Standard Time),""23653.75"",""23657.65"",""23639.05"",""23649.50"",""68.04"""
"Tue Jul 09 2024 12:30:00 GMT+0530 (India Standard Time),""23647.95"",""23653.25"",""23626.90"",""23631.70"",""32.42"""
"Tue Jul 09 2024 12:45:00 GMT+0530 (India Standard Time),""23630.70"",""23649.25"",""23630.05"",""23645.15"",""40.65"""
"Tue Jul 09 2024 13:00:00 GMT+0530 (India Standard Time),""23645.55"",""23658.40"",""23640.80"",""23649.20"",""59.86"""
"Tue Jul 09 2024 13:15:00 GMT+0530 (India Standard Time),""23649.00"",""23658.75"",""23639.55"",""23652.55"",""59.16"""
"Tue Jul 09 2024 13:30:00 GMT+0530 (India Standard Time),""23652.55"",""23654.95"",""23639.25"",""23645.55"",""41.52"""
"Tue Jul 09 2024 13:45:00 GMT+0530 (India Standard Time),""23644.50"",""23664.25"",""23643.65"",""23659.40"",""79.09"""
"Tue Jul 09 2024 14:00:00 GMT+0530 (India Standard Time),""23658.10"",""23661.45"",""23647.60"",""23657.75"",""73.79"""
"Tue Jul 09 2024 14:15:00 GMT+0530 (India Standard Time),""23655.75"",""23656.90"",""23634.10"",""23636.55"",""-22.02"""
"Tue Jul 09 2024 14:30:00 GMT+0530 (India Standard Time),""23636.25"",""23659.85"",""23632.75"",""23654.70"",""22.12"""
"Tue Jul 09 2024 14:45:00 GMT+0530 (India Standard Time),""23652.65"",""23659.30"",""23636.05"",""23647.80"",""2.30"""
"Tue Jul 09 2024 15:00:00 GMT+0530 (India Standard Time),""23650.30"",""23678.85"",""23645.70"",""23661.75"",""118.70"""
"Tue Jul 09 2024 15:15:00 GMT+0530 (India Standard Time),""23661.75"",""23683.60"",""23628.95"",""23641.60"",""13.55"""
"Wed Jul 10 2024 09:15:00 GMT+0530 (India Standard Time),""23647.50"",""23649.85"",""23522.70"",""23579.80"",""-431.99"""
"Wed Jul 10 2024 09:30:00 GMT+0530 (India Standard Time),""23583.15"",""23626.50"",""23578.65"",""23603.35"",""-226.64"""
"Wed Jul 10 2024 09:45:00 GMT+0530 (India Standard Time),""23603.50"",""23635.60"",""23566.25"",""23623.40"",""-160.03"""
"Wed Jul 10 2024 10:00:00 GMT+0530 (India Standard Time),""23623.25"",""23626.60"",""23556.25"",""23582.85"",""-190.62"""
"Wed Jul 10 2024 10:15:00 GMT+0530 (India Standard Time),""23580.30"",""23589.80"",""23516.80"",""23532.85"",""-241.77"""
"Wed Jul 10 2024 10:30:00 GMT+0530 (India Standard Time),""23532.85"",""23551.10"",""23478.00"",""23511.05"",""-237.98"""
"Wed Jul 10 2024 10:45:00 GMT+0530 (India Standard Time),""23511.35"",""23529.50"",""23497.80"",""23517.90"",""-183.80"""
"Wed Jul 10 2024 11:00:00 GMT+0530 (India Standard Time),""23517.85"",""23537.40"",""23506.90"",""23523.05"",""-142.23"""
"Wed Jul 10 2024 11:15:00 GMT+0530 (India Standard Time),""23523.00"",""23530.50"",""23499.10"",""23528.00"",""-125.72"""
"Wed Jul 10 2024 11:30:00 GMT+0530 (India Standard Time),""23529.65"",""23554.45"",""23525.55"",""23548.10"",""-81.69"""
"Wed Jul 10 2024 11:45:00 GMT+0530 (India Standard Time),""23547.75"",""23582.55"",""23543.15"",""23574.80"",""-43.32"""
"Wed Jul 10 2024 12:00:00 GMT+0530 (India Standard Time),""23575.30"",""23586.80"",""23567.95"",""23575.40"",""-25.58"""
"Wed Jul 10 2024 12:15:00 GMT+0530 (India Standard Time),""23576.15"",""23583.20"",""23561.15"",""23568.60"",""-29.43"""
"Wed Jul 10 2024 12:30:00 GMT+0530 (India Standard Time),""23567.75"",""23581.80"",""23561.80"",""23567.45"",""-25.74"""
"Wed Jul 10 2024 12:45:00 GMT+0530 (India Standard Time),""23568.55"",""23587.70"",""23563.75"",""23580.90"",""-9.34"""
"Wed Jul 10 2024 13:00:00 GMT+0530 (India Standard Time),""23580.75"",""23591.05"",""23565.05"",""23572.95"",""-6.08"""
"Wed Jul 10 2024 13:15:00 GMT+0530 (India Standard Time),""23572.70"",""23576.65"",""23559.05"",""23566.15"",""-17.13"""
"Wed Jul 10 2024 13:30:00 GMT+0530 (India Standard Time),""23566.65"",""23579.70"",""23563.40"",""23568.15"",""-2.91"""
"Wed Jul 10 2024 13:45:00 GMT+0530 (India Standard Time),""23569.40"",""23572.05"",""23548.05"",""23552.80"",""-23.64"""
"Wed Jul 10 2024 14:00:00 GMT+0530 (India Standard Time),""23553.20"",""23556.05"",""23525.90"",""23544.10"",""-55.21"""
"Wed Jul 10 2024 14:15:00 GMT+0530 (India Standard Time),""23544.70"",""23572.45"",""23537.50"",""23568.35"",""-0.90"""
"Wed Jul 10 2024 14:30:00 GMT+0530 (India Standard Time),""23569.35"",""23618.60"",""23567.95"",""23600.35"",""111.92"""
"Wed Jul 10 2024 14:45:00 GMT+0530 (India Standard Time),""23599.70"",""23610.80"",""23560.95"",""23575.45"",""78.90"""
"Wed Jul 10 2024 15:00:00 GMT+0530 (India Standard Time),""23575.10"",""23614.80"",""23575.10"",""23594.95"",""117.10"""
"Wed Jul 10 2024 15:15:00 GMT+0530 (India Standard Time),""23594.30"",""23617.30"",""23589.55"",""23606.80"",""132.03"""
"Thu Jul 11 2024 09:15:00 GMT+0530 (India Standard Time),""23652.40"",""23684.50"",""23568.35"",""23578.30"",""144.25"""
"Thu Jul 11 2024 09:30:00 GMT+0530 (India Standard Time),""23577.65"",""23592.80"",""23543.05"",""23574.65"",""4.88"""
"Thu Jul 11 2024 09:45:00 GMT+0530 (India Standard Time),""23574.90"",""23617.75"",""23565.55"",""23591.30"",""80.53"""
"Thu Jul 11 2024 10:00:00 GMT+0530 (India Standard Time),""23593.25"",""23633.85"",""23555.30"",""23556.70"",""31.44"""
"Thu Jul 11 2024 10:15:00 GMT+0530 (India Standard Time),""23557.30"",""23558.30"",""23446.30"",""23450.25"",""-352.16"""
"Thu Jul 11 2024 10:30:00 GMT+0530 (India Standard Time),""23449.75"",""23481.10"",""23435.85"",""23441.55"",""-320.01"""
"Thu Jul 11 2024 10:45:00 GMT+0530 (India Standard Time),""23443.10"",""23449.80"",""23422.65"",""23425.70"",""-257.61"""
"Thu Jul 11 2024 11:00:00 GMT+0530 (India Standard Time),""23422.80"",""23434.40"",""23394.25"",""23414.10"",""-212.10"""
"Thu Jul 11 2024 11:15:00 GMT+0530 (India Standard Time),""23412.40"",""23443.20"",""23405.50"",""23428.00"",""-154.00"""
"Thu Jul 11 2024 11:30:00 GMT+0530 (India Standard Time),""23427.85"",""23471.90"",""23425.55"",""23457.15"",""-101.85"""
"Thu Jul 11 2024 11:45:00 GMT+0530 (India Standard Time),""23457.30"",""23462.50"",""23439.55"",""23456.20"",""-86.71"""
"Thu Jul 11 2024 12:00:00 GMT+0530 (India Standard Time),""23455.10"",""23459.95"",""23388.25"",""23442.10"",""-96.50"""
"Thu Jul 11 2024 12:15:00 GMT+0530 (India Standard Time),""23442.35"",""23471.40"",""23435.25"",""23466.30"",""-61.28"""
"Thu Jul 11 2024 12:30:00 GMT+0530 (India Standard Time),""23465.65"",""23477.20"",""23455.00"",""23473.35"",""-45.69"""
"Thu Jul 11 2024 12:45:00 GMT+0530 (India Standard Time),""23474.00"",""23487.40"",""23459.25"",""23472.65"",""-37.60"""
"Thu Jul 11 2024 13:00:00 GMT+0530 (India Standard Time),""23472.00"",""23490.35"",""23470.85"",""23475.55"",""-28.67"""
"Thu Jul 11 2024 13:15:00 GMT+0530 (India Standard Time),""23475.80"",""23481.95"",""23453.10"",""23461.40"",""-37.97"""
"Thu Jul 11 2024 13:30:00 GMT+0530 (India Standard Time),""23461.70"",""23462.85"",""23442.10"",""23458.15"",""-46.12"""
"Thu Jul 11 2024 13:45:00 GMT+0530 (India Standard Time),""23458.00"",""23527.30"",""23454.00"",""23518.00"",""12.50"""
"Thu Jul 11 2024 14:00:00 GMT+0530 (India Standard Time),""23520.40"",""23581.30"",""23520.40"",""23560.90"",""92.05"""
"Thu Jul 11 2024 14:15:00 GMT+0530 (India Standard Time),""23561.35"",""23578.65"",""23541.75"",""23549.90"",""107.65"""
"Thu Jul 11 2024 14:30:00 GMT+0530 (India Standard Time),""23548.85"",""23564.80"",""23540.10"",""23550.85"",""104.54"""
"Thu Jul 11 2024 14:45:00 GMT+0530 (India Standard Time),""23550.65"",""23621.35"",""23542.05"",""23610.00"",""164.98"""
"Thu Jul 11 2024 15:00:00 GMT+0530 (India Standard Time),""23609.05"",""23614.60"",""23575.00"",""23609.90"",""172.37"""
"Thu Jul 11 2024 15:15:00 GMT+0530 (India Standard Time),""23610.30"",""23631.35"",""23592.35"",""23616.90"",""154.28"""
"Fri Jul 12 2024 09:15:00 GMT+0530 (India Standard Time),""23606.95"",""23705.15"",""23567.90"",""23695.40"",""168.11"""
"Fri Jul 12 2024 09:30:00 GMT+0530 (India Standard Time),""23694.75"",""23707.35"",""23659.40"",""23689.30"",""163.96"""
"Fri Jul 12 2024 09:45:00 GMT+0530 (India Standard Time),""23687.75"",""23689.00"",""23553.00"",""23594.80"",""83.44"""
"Fri Jul 12 2024 10:00:00 GMT+0530 (India Standard Time),""23594.05"",""23630.05"",""23571.10"",""23572.45"",""56.97"""
"Fri Jul 12 2024 10:15:00 GMT+0530 (India Standard Time),""23570.65"",""23621.90"",""23566.85"",""23618.30"",""61.60"""
"Fri Jul 12 2024 10:30:00 GMT+0530 (India Standard Time),""23617.95"",""23617.95"",""23573.95"",""23592.95"",""49.52"""
"Fri Jul 12 2024 10:45:00 GMT+0530 (India Standard Time),""23592.90"",""23742.20"",""23583.95"",""23735.85"",""133.60"""
"Fri Jul 12 2024 11:00:00 GMT+0530 (India Standard Time),""23738.90"",""23819.90"",""23735.20"",""23763.45"",""194.49"""
"Fri Jul 12 2024 11:15:00 GMT+0530 (India Standard Time),""23762.75"",""23766.80"",""23692.55"",""23707.35"",""133.19"""
"Fri Jul 12 2024 11:30:00 GMT+0530 (India Standard Time),""23707.55"",""23723.35"",""23667.40"",""23703.50"",""100.31"""
"Fri Jul 12 2024 11:45:00 GMT+0530 (India Standard Time),""23704.25"",""23722.60"",""23692.15"",""23696.50"",""94.66"""
"Fri Jul 12 2024 12:00:00 GMT+0530 (India Standard Time),""23697.20"",""23735.40"",""23682.60"",""23724.75"",""92.75"""
"Fri Jul 12 2024 12:15:00 GMT+0530 (India Standard Time),""23726.20"",""23732.35"",""23680.90"",""23692.55"",""71.15"""
"Fri Jul 12 2024 12:30:00 GMT+0530 (India Standard Time),""23692.20"",""23694.80"",""23670.35"",""23676.95"",""41.76"""
"Fri Jul 12 2024 12:45:00 GMT+0530 (India Standard Time),""23676.20"",""23715.30"",""23664.30"",""23705.65"",""52.70"""
"Fri Jul 12 2024 13:00:00 GMT+0530 (India Standard Time),""23707.10"",""23728.15"",""23694.35"",""23712.75"",""67.12"""
"Fri Jul 12 2024 13:15:00 GMT+0530 (India Standard Time),""23712.75"",""23749.05"",""23710.60"",""23715.20"",""78.72"""
"Fri Jul 12 2024 13:30:00 GMT+0530 (India Standard Time),""23714.30"",""23738.50"",""23702.70"",""23707.70"",""62.39"""
"Fri Jul 12 2024 13:45:00 GMT+0530 (India Standard Time),""23708.30"",""23725.65"",""23705.35"",""23716.70"",""58.32"""
"Fri Jul 12 2024 14:00:00 GMT+0530 (India Standard Time),""23717.35"",""23725.80"",""23708.80"",""23721.05"",""59.25"""
"Fri Jul 12 2024 14:15:00 GMT+0530 (India Standard Time),""23721.05"",""23729.45"",""23688.90"",""23708.35"",""38.68"""
"Fri Jul 12 2024 14:30:00 GMT+0530 (India Standard Time),""23705.75"",""23713.30"",""23661.50"",""23672.60"",""-9.77"""
"Fri Jul 12 2024 14:45:00 GMT+0530 (India Standard Time),""23672.35"",""23672.45"",""23641.60"",""23648.75"",""-70.69"""
"Fri Jul 12 2024 15:00:00 GMT+0530 (India Standard Time),""23650.45"",""23651.15"",""23582.35"",""23583.20"",""-173.58"""
"Fri Jul 12 2024 15:15:00 GMT+0530 (India Standard Time),""23581.15"",""23635.90"",""23568.60"",""23635.50"",""-162.39"""