NFO:FINNIFTY2470223700CE,26,40,11.65,9.90,-1.75,-15.02,-1820.00,Tue Jul 02,10:43,10:46
NFO:FINNIFTY2470223700CE,95,40,3.20,3.20,0.00,0.00,0.00,Tue Jul 02,12:14,12:23
NFO:FINNIFTY2470223700CE,153,40,2.00,1.75,-0.25,-12.50,-1530.00,Tue Jul 02,12:43,12:47
NFO:FINNIFTY2470223700CE,167,40,1.80,1.70,-0.10,-5.56,-668.00,Tue Jul 02,12:47,12:57
NFO:FINNIFTY2470223700CE,193,40,1.55,1.50,-0.05,-3.23,-386.00,Tue Jul 02,13:2,13:8
NFO:BANKNIFTY2470353100PE,5,15,137.15,119.95,-17.20,-12.54,-1290.00,Wed Jul 03,11:2,11:3
NFO:BANKNIFTY2470353100PE,6,15,117.55,132.15,14.60,12.42,1314.00,Wed Jul 03,11:4,11:17
NFO:BANKNIFTY2470353100PE,5,15,136.55,156.90,20.35,14.90,1526.25,Wed Jul 03,11:17,11:27
NFO:BANKNIFTY2470353100PE,11,15,71.70,63.80,-7.90,-11.02,-1303.50,Wed Jul 03,12:33,12:50
NFO:BANKNIFTY2470353100PE,12,15,63.55,63.80,0.25,0.39,45.00,Wed Jul 03,12:50,12:56
NFO:BANKNIFTY2470353100PE,9,15,81.35,67.55,-13.80,-16.96,-1863.00,Wed Jul 03,13:2,13:4
NFO:BANKNIFTY2470353100PE,11,15,69.20,78.45,9.25,13.37,1526.25,Wed Jul 03,13:4,13:14
NFO:BANKNIFTY2470353100PE,9,15,80.40,68.75,-11.65,-14.49,-1572.75,Wed Jul 03,13:14,13:15
NFO:BANKNIFTY2470353100PE,11,15,65.40,54.40,-11.00,-16.82,-1815.00,Wed Jul 03,13:20,13:28
NFO:BANKNIFTY2470353100PE,15,15,51.05,43.80,-7.25,-14.20,-1631.25,Wed Jul 03,13:32,13:36
NFO:BANKNIFTY2470353100PE,17,15,43.95,39.50,-4.45,-10.13,-1134.75,Wed Jul 03,13:41,13:44
NFO:BANKNIFTY2470353100PE,18,15,40.65,34.25,-6.40,-15.74,-1728.00,Wed Jul 03,13:44,13:45
NFO:BANKNIFTY2470353100PE,13,15,52.30,45.40,-6.90,-13.19,-1345.50,Wed Jul 03,14:2,14:2
NFO:BANKNIFTY2470353100PE,15,15,47.75,38.70,-9.05,-18.95,-2036.25,Wed Jul 03,14:3,14:3
NFO:BANKNIFTY2470353100PE,18,15,37.75,45.60,7.85,20.79,2119.50,Wed Jul 03,14:3,14:9
NFO:NIFTY2470424400PE,2,50,91.90,96.65,4.75,5.17,475.00,Thu Jul 04,10:27,10:58,111.60,72.60
NFO:NIFTY2470424400PE,2,50,79.25,88.75,9.50,11.99,950.00,Thu Jul 04,13:34,13:46,98.70,74.35
NFO:NIFTY2470424500PE,1,50,195.35,176.30,-19.05,-9.75,-952.50,Thu Jul 04,13:50,14:9,197.15,176.30
NFO:NIFTY2470424400PE,2,50,74.25,69.60,-4.65,-6.26,-465.00,Thu Jul 04,14:10,14:17,79.85,69.60
NFO:NIFTY2470424400PE,2,50,73.20,90.25,17.05,23.29,1705.00,Thu Jul 04,14:31,14:57,100.30,67.00
NFO:FINNIFTY2470923700PE,2,40,81.60,74.60,-7.00,-8.58,-560.00,Tue Jul 09,10:21,10:23,83.90,74.60
NFO:FINNIFTY2470923700PE,2,40,76.95,76.25,-0.70,-0.91,-56.00,Tue Jul 09,10:23,10:27,85.00,76.25
NFO:FINNIFTY2470923700PE,2,40,77.10,67.95,-9.15,-11.87,-732.00,Tue Jul 09,10:28,10:36,78.15,67.95
NFO:FINNIFTY2470923700PE,3,40,69.95,64.55,-5.40,-7.72,-648.00,Tue Jul 09,10:36,10:41,71.85,64.55
NFO:FINNIFTY2470923700PE,3,40,66.10,60.85,-5.25,-7.94,-630.00,Tue Jul 09,11:2,11:7,69.45,60.85
NFO:FINNIFTY2470923700PE,3,40,61.85,64.05,2.20,3.56,264.00,Tue Jul 09,11:7,11:10,71.35,60.30
NFO:FINNIFTY2470923700PE,3,40,63.45,58.90,-4.55,-7.17,-546.00,Tue Jul 09,11:10,11:20,65.50,58.90
NFO:FINNIFTY2470923700PE,3,40,59.50,57.90,-1.60,-2.69,-192.00,Tue Jul 09,11:20,11:36,65.45,57.90
NFO:FINNIFTY2470923700PE,3,40,58.85,42.10,-16.75,-28.46,-2010.00,Tue Jul 09,11:36,11:41,59.40,42.10
NFO:FINNIFTY2470923700PE,4,40,45.90,38.00,-7.90,-17.21,-1264.00,Tue Jul 09,11:41,11:41,43.20,38.00
NFO:FINNIFTY2470923700PE,4,40,41.40,34.90,-6.50,-15.70,-1040.00,Tue Jul 09,11:42,11:42,40.20,34.90
NFO:FINNIFTY2470923700PE,4,40,43.60,57.60,14.00,32.11,2240.00,Tue Jul 09,12:5,12:19,64.90,42.40
NFO:FINNIFTY2470923700PE,4,40,45.20,46.40,1.20,2.65,192.00,Tue Jul 09,13:57,14:12,51.80,44.15
NFO:FINNIFTY2470923700PE,3,40,53.60,54.95,1.35,2.52,162.00,Tue Jul 09,14:20,14:31,61.50,49.50
NFO:FINNIFTY2470923700PE,3,40,54.90,53.50,-1.40,-2.55,-168.00,Tue Jul 09,14:50,14:58,60.30,50.00
NFO:FINNIFTY2470923700PE,7,40,26.90,36.85,9.95,36.99,2786.00,Tue Jul 09,15:2,15:26,41.05,25.00
NFO:FINNIFTY2470923700PE,5,40,36.85,37.50,0.65,1.76,130.00,Tue Jul 09,15:26,16:22,37.50,36.60
NFO:BANKNIFTY2471052500CE,31,15,16.20,15.70,-0.50,-3.09,-232.50,Wed Jul 10,11:4,11:8,17.50,15.70
NFO:BANKNIFTY2471052500CE,43,15,11.75,12.55,0.80,6.81,516.00,Wed Jul 10,11:17,11:22,14.00,11.05
NFO:BANKNIFTY2471052500CE,40,15,12.95,13.05,0.10,0.77,60.00,Wed Jul 10,11:30,11:32,14.80,13.05
NFO:BANKNIFTY2471052500CE,39,15,13.10,14.25,1.15,8.78,672.75,Wed Jul 10,11:32,11:36,16.00,12.80
NFO:BANKNIFTY2471052500CE,37,15,14.10,12.55,-1.55,-10.99,-860.25,Wed Jul 10,11:36,11:40,14.05,12.55
NFO:BANKNIFTY2471052500CE,41,15,12.65,12.25,-0.40,-3.16,-246.00,Wed Jul 10,11:40,11:46,13.90,12.25
NFO:BANKNIFTY2471052500CE,41,15,12.60,10.60,-2.00,-15.87,-1230.00,Wed Jul 10,11:46,11:50,12.65,10.60
NFO:BANKNIFTY2471052500CE,45,15,11.20,13.10,1.90,16.96,1282.50,Wed Jul 10,11:50,11:54,14.65,10.80
NFO:BANKNIFTY2471052500CE,39,15,13.00,12.25,-0.75,-5.77,-438.75,Wed Jul 10,11:54,11:59,13.65,12.25
NFO:BANKNIFTY2471052500CE,41,15,12.25,12.80,0.55,4.49,338.25,Wed Jul 10,11:59,12:7,14.40,11.45
NFO:BANKNIFTY2471052600PE,1,15,509.65,463.40,-46.25,-9.07,-693.75,Wed Jul 10,14:10,14:19,518.25,463.40
NFO:BANKNIFTY2471052500PE,1,15,316.30,307.15,-9.15,-2.89,-137.25,Wed Jul 10,14:47,15:3,345.25,307.15
NFO:NIFTY2471124500PE,1,50,242.50,248.45,5.95,2.45,297.50,Thu Jul 11,10:15,11:1,279.65,243.00
NFO:NIFTY2471124500PE,1,50,252.85,236.55,-16.30,-6.45,-815.00,Thu Jul 11,11:1,11:41,270.30,236.55
NFO:NIFTY2471124400PE,1,50,153.20,145.15,-8.05,-5.25,-402.50,Thu Jul 11,12:13,12:19,162.25,145.15
NFO:NIFTY2471124400PE,1,50,145.75,132.70,-13.05,-8.95,-652.50,Thu Jul 11,12:31,12:40,148.60,132.70
NFO:NIFTY2471124400PE,1,50,133.25,120.45,-12.80,-9.61,-640.00,Thu Jul 11,12:44,12:48,135.20,120.45
NFO:NIFTY2471124400PE,1,50,121.20,112.30,-8.90,-7.34,-445.00,Thu Jul 11,12:48,12:50,126.00,112.30
NFO:NIFTY2471124400PE,1,50,126.70,115.55,-11.15,-8.80,-557.50,Thu Jul 11,12:58,13:7,128.45,115.55
NFO:NIFTY2471124400PE,1,50,119.35,117.50,-1.85,-1.55,-92.50,Thu Jul 11,13:24,13:41,131.60,113.70
NFO:NIFTY2471124400PE,1,50,117.90,111.00,-6.90,-5.85,-345.00,Thu Jul 11,13:41,13:48,124.50,111.00
NFO:NIFTY2471124400PE,1,50,112.90,95.25,-17.65,-15.63,-882.50,Thu Jul 11,13:49,13:52,114.10,95.25
NFO:NIFTY2471124400PE,1,50,88.55,99.35,10.80,12.20,540.00,Thu Jul 11,14:5,14:14,110.70,89.05
NFO:NIFTY2471124400PE,1,50,93.00,90.70,-2.30,-2.47,-115.00,Thu Jul 11,14:30,14:37,102.40,90.70
NFO:NIFTY2471124400PE,1,50,90.00,93.15,3.15,3.50,157.50,Thu Jul 11,14:45,14:51,104.35,89.80
NFO:NIFTY2471124400PE,1,50,79.90,71.65,-8.25,-10.33,-412.50,Thu Jul 11,14:55,14:56,80.40,71.65
NFO:NIFTY2471124400PE,1,50,71.80,61.85,-9.95,-13.86,-497.50,Thu Jul 11,14:56,14:59,75.45,61.85
NFO:NIFTY2471124400PE,1,50,65.65,89.60,23.95,36.48,1197.50,Thu Jul 11,14:59,15:2,95.15,58.45
NFO:NIFTY2471124400PE,1,50,90.70,93.55,2.85,3.14,142.50,Thu Jul 11,15:3,15:5,99.00,92.00
NFO:NIFTY2471124400PE,1,50,95.10,89.05,-6.05,-6.36,-302.50,Thu Jul 11,15:5,15:7,99.35,89.05
NFO:NIFTY2471124400PE,1,50,90.90,90.20,-0.70,-0.77,-35.00,Thu Jul 11,15:10,15:10,90.20,90.20
NFO:NIFTY2471124400PE,1,50,89.85,89.75,-0.10,-0.11,-5.00,Thu Jul 11,15:10,15:10,89.75,89.75
NFO:NIFTY2471124400PE,1,50,90.20,91.10,0.90,1.00,45.00,Thu Jul 11,15:10,15:10,91.10,91.10
NFO:NIFTY2471124400PE,1,50,91.60,90.20,-1.40,-1.53,-70.00,Thu Jul 11,15:10,15:10,90.20,90.20
NFO:NIFTY2471124400PE,1,50,90.40,81.50,-8.90,-9.85,-445.00,Thu Jul 11,15:11,15:12,90.70,81.50
NFO:NIFTY2471124400PE,1,50,80.80,83.95,3.15,3.90,157.50,Thu Jul 11,15:12,15:30,86.70,79.80
